City_ID,City,Lat,Lng,Max Temp,Humidity,Cloudiness,Wind Speed,Country,Date
0,Ust-Kulom,61.6864,53.6902,37.8,100,100,5.26,RU,2022-04-11 22:37:15
1,Lake City,30.1897,-82.6393,81.79,31,0,3.44,US,2022-04-11 22:34:17
2,Tigil,57.8,158.6667,20.91,89,100,8.39,RU,2022-04-11 22:37:16
3,Havre-Saint-Pierre,50.2334,-63.5986,46.76,46,0,12.66,CA,2022-04-11 22:37:17
4,San Cristobal,7.7669,-72.225,78.98,65,75,3.56,VE,2022-04-11 22:32:49
5,Aksarka,66.5606,67.7975,34.11,100,100,9.78,RU,2022-04-11 22:37:17
6,Vaini,-21.2,-175.2,84.36,84,75,9.22,TO,2022-04-11 22:37:18
7,Airai,-8.9266,125.4092,63.39,63,78,2.04,TL,2022-04-11 22:37:18
8,Qaanaaq,77.484,-69.3632,-6.34,75,29,5.53,GL,2022-04-11 22:37:19
9,Yellowknife,62.456,-114.3525,16.32,62,75,16.11,CA,2022-04-11 22:37:19
10,Atuona,-9.8,-139.0333,78.64,80,27,15.01,PF,2022-04-11 22:37:19
11,Punta Arenas,-53.15,-70.9167,44.71,70,75,11.5,CL,2022-04-11 22:37:20
12,Piossasco,44.9905,7.4637,53.19,55,89,2.08,IT,2022-04-11 22:37:20
13,Ajdabiya,30.7554,20.2263,57.02,54,2,12.06,LY,2022-04-11 22:37:21
14,Lebu,-37.6167,-73.65,53.38,82,100,5.44,CL,2022-04-11 22:37:21
15,Chokurdakh,70.6333,147.9167,5.63,89,100,12.37,RU,2022-04-11 22:37:22
16,Rikitea,-23.1203,-134.9692,79.2,71,1,14.5,PF,2022-04-11 22:37:22
17,Kerchevskiy,59.946,56.2884,35.51,99,98,4.18,RU,2022-04-11 22:37:22
18,Samana,19.2056,-69.3369,80.56,77,3,9.86,DO,2022-04-11 22:37:23
19,Hobart,-42.8794,147.3294,57.25,67,40,6.91,AU,2022-04-11 22:35:07
20,Dikson,73.5069,80.5464,9.84,87,100,22.35,RU,2022-04-11 22:37:23
21,Port Elizabeth,-33.918,25.5701,65.32,91,0,11.5,ZA,2022-04-11 22:37:24
22,Cape Town,-33.9258,18.4232,71.91,55,0,7.0,ZA,2022-04-11 22:35:02
23,Cayenne,4.9333,-52.3333,81.09,1,75,5.75,GF,2022-04-11 22:37:24
24,Kapaa,22.0752,-159.319,81.19,75,40,11.5,US,2022-04-11 22:37:25
25,Ushuaia,-54.8,-68.3,42.46,70,75,14.97,AR,2022-04-11 22:37:25
26,Mataura,-46.1927,168.8643,50.49,95,100,5.32,NZ,2022-04-11 22:37:26
27,Albany,42.6001,-73.9662,59.41,39,94,4.74,US,2022-04-11 22:35:30
28,Namibe,-15.1961,12.1522,76.55,76,95,11.48,AO,2022-04-11 22:37:26
29,Tasiilaq,65.6145,-37.6368,15.96,86,100,4.32,GL,2022-04-11 22:37:27
30,Faanui,-16.4833,-151.75,82.24,69,9,14.03,PF,2022-04-11 22:33:56
31,Nanchang,28.6833,115.8833,74.21,59,8,1.19,CN,2022-04-11 22:37:27
32,Vao,-22.6667,167.4833,76.77,73,7,13.47,NC,2022-04-11 22:37:27
33,Hermanus,-34.4187,19.2345,67.12,60,3,5.39,ZA,2022-04-11 22:37:28
34,Anqing,30.5092,117.0506,72.55,61,4,2.73,CN,2022-04-11 22:37:28
35,Bilibino,68.0546,166.4372,-6.29,82,32,1.36,RU,2022-04-11 22:37:29
36,Rawson,-43.3002,-65.1023,58.24,53,81,19.13,AR,2022-04-11 22:37:29
37,Huron,41.1501,-82.5499,58.69,90,100,15.75,US,2022-04-11 22:36:50
38,Zyryanka,65.75,150.85,6.55,85,28,11.14,RU,2022-04-11 22:37:29
39,Butaritari,3.0707,172.7902,80.91,75,37,9.98,KI,2022-04-11 22:37:30
40,Nizwa,22.9333,57.5333,79.29,12,0,4.72,OM,2022-04-11 22:37:30
41,Toledo,39.8333,-4.0,56.32,80,100,12.06,ES,2022-04-11 22:36:24
42,Visnes,59.3556,5.2242,40.21,75,100,5.75,NO,2022-04-11 22:37:31
43,Ostrovnoy,68.0531,39.5131,32.59,86,75,21.12,RU,2022-04-11 22:38:31
44,Ridgecrest,35.6225,-117.6709,71.46,29,75,42.57,US,2022-04-11 22:38:32
45,Pierre,44.3683,-100.351,56.86,36,0,17.27,US,2022-04-11 22:34:28
46,Hithadhoo,-0.6,73.0833,83.7,67,49,12.35,MV,2022-04-11 22:38:32
47,Tuktoyaktuk,69.4541,-133.0374,1.4,71,20,4.61,CA,2022-04-11 22:38:32
48,Bredasdorp,-34.5322,20.0403,65.37,72,0,1.21,ZA,2022-04-11 22:38:33
49,Sitka,57.0531,-135.33,37.29,23,20,20.71,US,2022-04-11 22:38:33
50,Itororo,-15.1169,-40.0703,75.45,73,96,2.24,BR,2022-04-11 22:38:34
51,Saint-Philippe,-21.3585,55.7679,76.59,84,96,14.7,RE,2022-04-11 22:38:34
52,Aswan,24.0934,32.907,85.3,13,0,13.8,EG,2022-04-11 22:38:34
53,Nome,64.5011,-165.4064,34.11,69,0,14.97,US,2022-04-11 22:38:35
54,Shingu,33.7333,135.9833,66.47,65,62,1.16,JP,2022-04-11 22:38:35
55,Mazamari,-11.3258,-74.5308,74.21,93,96,1.01,PE,2022-04-11 22:38:35
56,Broome,42.2506,-75.833,59.77,35,100,10.36,US,2022-04-11 22:38:36
57,Enkoping,59.6361,17.0777,36.82,87,55,5.03,SE,2022-04-11 22:38:36
58,Isangel,-19.55,169.2667,83.98,70,86,10.49,VU,2022-04-11 22:38:37
59,Sangar,63.9242,127.4739,9.81,81,36,0.56,RU,2022-04-11 22:38:37
60,Moengo,5.6167,-54.4,74.17,97,77,4.03,SR,2022-04-11 22:38:37
61,Thompson,55.7435,-97.8558,32.16,55,100,3.44,CA,2022-04-11 22:38:38
62,Cabo San Lucas,22.8909,-109.9124,87.62,55,40,26.46,MX,2022-04-11 22:36:21
63,Torbay,47.6666,-52.7314,35.58,92,100,25.32,CA,2022-04-11 22:38:38
64,Verkhoyansk,67.5447,133.385,2.62,91,88,2.91,RU,2022-04-11 22:38:38
65,Zharkent,44.1628,80.0,59.18,35,96,2.62,KZ,2022-04-11 22:38:39
66,Victoria,22.2855,114.1577,75.33,87,1,4.0,HK,2022-04-11 22:35:15
67,Lucapa,-8.4192,20.7447,67.14,87,100,2.93,AO,2022-04-11 22:38:39
68,Acapulco,16.8634,-99.8901,85.82,66,40,11.5,MX,2022-04-11 22:37:43
69,Angoche,-16.2325,39.9086,76.75,89,49,2.55,MZ,2022-04-11 22:38:40
70,Kodiak,57.79,-152.4072,51.31,24,0,14.97,US,2022-04-11 22:38:40
71,Urumqi,43.801,87.6005,41.95,31,0,2.24,CN,2022-04-11 22:38:41
72,Vestmannaeyjar,63.4427,-20.2734,40.42,71,100,22.57,IS,2022-04-11 22:38:41
73,Chimore,-16.9833,-65.1333,74.32,97,97,2.24,BO,2022-04-11 22:38:41
74,Santa Isabel,-23.3156,-46.2214,72.7,89,32,1.3,BR,2022-04-11 22:38:42
75,Kachug,53.9606,105.8817,23.04,86,57,3.65,RU,2022-04-11 22:38:42
76,Bluff,-46.6,168.3333,50.81,59,94,20.6,NZ,2022-04-11 22:38:42
77,Saint-Georges,12.0564,-61.7485,80.28,83,20,13.8,GD,2022-04-11 22:38:43
78,Gat,31.61,34.7642,59.81,100,31,8.63,IL,2022-04-11 22:38:43
79,Panorama,40.5878,23.0315,45.95,52,1,1.99,GR,2022-04-11 22:38:44
80,Tiksi,71.6872,128.8694,-3.14,98,100,6.82,RU,2022-04-11 22:38:44
81,Przhevalskoye,55.5093,31.8482,35.4,75,100,4.38,RU,2022-04-11 22:38:44
82,Souillac,-20.5167,57.5167,75.58,94,75,10.36,MU,2022-04-11 22:38:45
83,Qui Nhon,13.7667,109.2333,72.77,88,93,3.33,VN,2022-04-11 22:38:45
84,Guerrero Negro,27.9769,-114.0611,66.87,55,0,14.36,MX,2022-04-11 22:35:09
85,Pauini,-7.7136,-66.9764,75.65,96,87,2.35,BR,2022-04-11 22:38:46
86,Port Alfred,-33.5906,26.891,67.17,85,99,1.99,ZA,2022-04-11 22:38:46
87,Sobolevo,54.4299,31.8996,36.81,73,100,6.98,RU,2022-04-11 22:38:46
88,Sazonovo,59.0919,35.2268,27.64,97,98,2.04,RU,2022-04-11 22:38:47
89,Pacific Grove,36.6177,-121.9166,58.41,62,20,19.57,US,2022-04-11 22:38:47
90,Faya,18.3851,42.4509,64.51,49,2,2.08,SA,2022-04-11 22:39:48
91,Esperance,-33.8667,121.9,60.64,87,62,13.02,AU,2022-04-11 22:39:48
92,Koslan,63.4564,48.8989,33.44,100,100,1.01,RU,2022-04-11 22:39:48
93,Nelson Bay,-32.7167,152.15,71.01,89,63,12.37,AU,2022-04-11 22:39:49
94,Tommot,58.9564,126.2925,17.17,88,97,2.08,RU,2022-04-11 22:39:49
95,Ponta Do Sol,32.6667,-17.1,61.72,72,97,11.68,PT,2022-04-11 22:39:49
96,Thunder Bay,48.4001,-89.3168,48.11,46,40,21.85,CA,2022-04-11 22:39:50
97,Sukumo,32.9333,132.7333,63.57,95,98,5.12,JP,2022-04-11 22:39:50
98,Mahebourg,-20.4081,57.7,75.49,94,75,10.36,MU,2022-04-11 22:39:50
99,Jamestown,42.097,-79.2353,55.04,69,100,10.36,US,2022-04-11 22:39:51
100,Bethel,41.3712,-73.414,58.66,48,100,6.96,US,2022-04-11 22:39:51
101,Ciudad Bolivar,8.1222,-63.5497,89.22,46,54,14.12,VE,2022-04-11 22:39:51
102,Port Lincoln,-34.7333,135.8667,63.41,74,100,16.69,AU,2022-04-11 22:39:52
103,Nikolskoye,59.7035,30.7861,36.72,95,30,2.86,RU,2022-04-11 22:39:52
104,Along,28.1667,94.7667,63.1,95,10,1.54,IN,2022-04-11 22:39:52
105,Avarua,-21.2078,-159.775,78.85,89,75,4.61,CK,2022-04-11 22:39:53
106,Puerto Ayora,-0.7393,-90.3518,84.16,93,79,7.0,EC,2022-04-11 22:39:53
107,Belem De Sao Francisco,-8.7539,-38.9658,85.35,49,65,8.79,BR,2022-04-11 22:39:54
108,Pafos,34.7667,32.4167,60.58,67,40,16.11,CY,2022-04-11 22:39:54
109,Abu Kamal,34.4506,40.9171,66.27,32,0,17.6,SY,2022-04-11 22:39:54
110,Tiassale,5.8983,-4.8283,75.34,96,95,3.74,CI,2022-04-11 22:39:55
111,Dongning,44.0622,131.1207,46.98,88,100,6.08,CN,2022-04-11 22:39:55
112,Leningradskiy,69.3833,178.4167,-5.13,81,11,1.1,RU,2022-04-11 22:39:55
113,Sao Felix Do Xingu,-6.6447,-51.995,73.78,96,40,2.89,BR,2022-04-11 22:39:56
114,Pyapon,16.2833,95.6833,75.99,82,50,5.84,MM,2022-04-11 22:39:56
115,Kerns,46.9009,8.2765,43.23,76,100,4.61,CH,2022-04-11 22:39:56
116,Boa Vista,2.8197,-60.6733,89.58,48,40,10.36,BR,2022-04-11 22:39:57
117,Saint George,37.1041,-113.5841,77.63,15,0,27.63,US,2022-04-11 22:38:11
118,Yarim,14.298,44.3779,55.96,40,0,5.48,YE,2022-04-11 22:39:57
119,Klaksvik,62.2266,-6.589,41.92,78,100,26.46,FO,2022-04-11 22:35:30
120,Poum,-20.2333,164.0167,79.65,76,16,11.12,NC,2022-04-11 22:39:57
121,Busselton,-33.65,115.3333,56.98,90,1,10.11,AU,2022-04-11 22:39:58
122,Iqaluit,63.7506,-68.5145,17.33,78,20,16.11,CA,2022-04-11 22:39:58
123,Provideniya,64.3833,-173.3,30.36,80,75,18.01,RU,2022-04-11 22:39:59
124,Primero De Enero,21.9469,-78.4283,77.0,55,11,15.84,CU,2022-04-11 22:39:59
125,Yumen,40.2833,97.2,42.44,23,64,8.25,CN,2022-04-11 22:40:00
126,Danielskuil,-28.1887,23.5395,55.36,78,48,5.97,ZA,2022-04-11 22:40:00
127,Mount Gambier,-37.8333,140.7667,44.51,87,75,3.44,AU,2022-04-11 22:40:00
128,Sibolga,1.7427,98.7792,76.15,84,97,2.66,ID,2022-04-11 22:40:01
129,San Policarpo,12.1791,125.5072,78.98,88,100,6.58,PH,2022-04-11 22:40:02
130,Balkanabat,39.5108,54.3671,67.69,48,6,12.46,TM,2022-04-11 22:40:02
131,Lubao,14.9167,120.55,77.07,74,100,1.28,PH,2022-04-11 22:40:03
132,Khatanga,71.9667,102.5,-20.29,100,100,2.8,RU,2022-04-11 22:40:03
133,Kamenka,51.3223,42.7678,51.04,77,63,10.22,RU,2022-04-11 22:40:03
134,Vagay,57.9375,69.0217,28.11,92,8,4.45,RU,2022-04-11 22:40:04
135,Luwuk,-0.9516,122.7875,79.14,71,90,3.02,ID,2022-04-11 22:40:05
136,Bengkulu,-3.8004,102.2655,74.32,91,78,3.8,ID,2022-04-11 22:40:05
137,Yingcheng,30.95,113.55,68.68,72,15,12.15,CN,2022-04-11 22:40:05
138,Taoudenni,22.6783,-3.9836,82.81,5,95,7.78,ML,2022-04-11 22:41:06
139,Correia Pinto,-27.5847,-50.3611,61.72,100,100,2.44,BR,2022-04-11 22:41:06
140,Kotelnikovo,47.6317,43.1461,54.07,62,6,13.53,RU,2022-04-11 22:41:07
141,Bhawana,31.5692,72.649,85.93,13,100,5.75,PK,2022-04-11 22:41:07
142,New Norfolk,-42.7826,147.0587,56.91,60,62,3.0,AU,2022-04-11 22:41:08
143,Grindavik,63.8424,-22.4338,40.95,60,75,19.57,IS,2022-04-11 22:41:08
144,Vaasa,63.096,21.6158,32.95,93,20,3.44,FI,2022-04-11 22:41:08
145,San Patricio,28.017,-97.5169,82.18,75,100,15.46,US,2022-04-11 22:41:09
146,Kindu,-2.95,25.95,70.25,95,100,1.74,CD,2022-04-11 22:41:09
147,Juliaca,-15.5,-70.1333,45.81,41,57,5.17,PE,2022-04-11 22:41:10
148,Norman Wells,65.282,-126.8329,17.64,41,75,11.5,CA,2022-04-11 22:41:10
149,Huarmey,-10.0681,-78.1522,69.96,82,82,11.3,PE,2022-04-11 22:39:52
150,Banjar,-8.19,114.9675,75.63,82,45,4.34,ID,2022-04-11 22:41:11
151,Hovd,48.0056,91.6419,26.1,40,0,2.24,MN,2022-04-11 22:41:11
152,Conceicao Da Barra,-18.5933,-39.7322,75.65,86,15,4.47,BR,2022-04-11 22:41:11
153,Viedma,-40.8135,-62.9967,54.84,62,79,1.63,AR,2022-04-11 22:41:12
154,Najran,17.4924,44.1277,72.25,19,0,5.03,SA,2022-04-11 22:41:12
155,Hilo,19.7297,-155.09,89.28,79,100,11.5,US,2022-04-11 22:41:13
156,Marystown,47.1666,-55.1483,38.86,100,100,11.99,CA,2022-04-11 22:41:13
157,Orizona,-17.0314,-48.2958,69.84,90,86,3.58,BR,2022-04-11 22:41:13
158,Tiznit,29.5833,-9.5,57.22,74,42,3.4,MA,2022-04-11 22:41:14
159,Darab,28.7519,54.5444,67.3,13,31,6.42,IR,2022-04-11 22:41:14
160,Chapais,49.7834,-74.8492,42.58,91,100,7.74,CA,2022-04-11 22:41:15
161,Prainha,-1.8,-53.48,76.08,93,69,2.8,BR,2022-04-11 22:41:15
162,Beira,-19.8436,34.8389,75.29,100,40,4.61,MZ,2022-04-11 22:41:16
163,Luderitz,-26.6481,15.1594,68.81,55,0,3.53,NA,2022-04-11 22:41:16
164,Nemuro,43.3236,145.575,39.42,91,91,9.82,JP,2022-04-11 22:41:16
165,Kununurra,-15.7667,128.7333,66.18,88,93,0.0,AU,2022-04-11 22:40:19
166,Xiangxiang,27.7333,112.5333,72.55,68,6,3.42,CN,2022-04-11 22:41:17
167,Saldanha,-33.0117,17.9442,62.65,65,0,8.75,ZA,2022-04-11 22:41:17
168,Rondonopolis,-16.4708,-54.6356,78.49,70,53,0.85,BR,2022-04-11 22:40:08
169,Tateyama,34.9833,139.8667,63.39,83,100,11.1,JP,2022-04-11 22:41:18
170,Isla Mujeres,21.2311,-86.731,82.45,78,85,16.8,MX,2022-04-11 22:41:18
171,Port Blair,11.6667,92.75,80.62,74,94,1.7,IN,2022-04-11 22:38:59
172,Cherskiy,68.75,161.3,1.11,86,34,9.22,RU,2022-04-11 22:41:19
173,Baracoa,20.3467,-74.4958,76.01,85,90,16.26,CU,2022-04-11 22:41:19
174,Irpa Irpa,-17.7167,-66.2667,77.0,46,78,4.12,BO,2022-04-11 22:41:20
175,East London,-33.0153,27.9116,65.84,83,100,8.39,ZA,2022-04-11 22:37:28
176,Coquimbo,-29.9533,-71.3436,58.73,82,20,11.5,CL,2022-04-11 22:41:20
177,Krasnaya Zarya,52.7825,37.6806,46.85,94,100,7.83,RU,2022-04-11 22:41:21
178,Barrow,71.2906,-156.7887,24.82,74,0,13.8,US,2022-04-11 22:41:21
179,Fort Nelson,58.8053,-122.7002,17.19,41,75,12.66,CA,2022-04-11 22:38:07
180,Bredy,52.4153,60.3411,40.51,94,80,11.43,RU,2022-04-11 22:41:21
181,Sakakah,29.9697,40.2064,78.37,21,46,14.32,SA,2022-04-11 22:41:22
182,Saquena,-4.6667,-73.5167,78.71,81,52,1.79,PE,2022-04-11 22:41:22
183,Armeria,18.9333,-103.9667,85.17,50,74,7.9,MX,2022-04-11 22:41:23
184,Zhangzhou,24.5133,117.6556,67.93,75,0,1.63,CN,2022-04-11 22:42:23
185,Flinders,-34.5833,150.8552,65.17,78,95,7.0,AU,2022-04-11 22:42:24
186,Vuktyl,63.8567,57.3094,37.08,99,100,9.31,RU,2022-04-11 22:42:24
187,Nantucket,41.2835,-70.0995,51.91,66,0,11.5,US,2022-04-11 22:37:50
188,Tel Aviv-Yafo,32.0805,34.7805,61.21,67,75,4.61,IL,2022-04-11 22:42:25
189,Hami,42.8,93.45,47.97,16,0,18.97,CN,2022-04-11 22:42:25
190,Singarayakonda,15.25,80.0333,78.75,90,6,8.34,IN,2022-04-11 22:42:25
191,Senneterre,48.3835,-77.2328,40.03,74,100,10.71,CA,2022-04-11 22:42:26
192,Quatre Cocos,-20.2078,57.7625,75.31,73,49,17.4,MU,2022-04-11 22:42:26
193,Stroby Egede,55.4138,12.245,39.15,69,55,1.9,DK,2022-04-11 22:42:26
194,Castro,-24.7911,-50.0119,65.71,92,100,3.6,BR,2022-04-11 22:42:27
195,Brody,50.0879,25.1503,33.12,86,20,6.42,UA,2022-04-11 22:42:27
196,Palekh,56.8028,41.8572,47.95,98,100,3.69,RU,2022-04-11 22:42:27
197,Namatanai,-3.6667,152.4333,84.06,66,69,5.44,PG,2022-04-11 22:42:28
198,Rairangpur,22.2676,86.1751,76.84,53,38,1.95,IN,2022-04-11 22:42:28
199,Laguna,38.421,-121.4238,62.94,20,75,21.85,US,2022-04-11 22:42:28
200,Solnechnyy,50.7214,136.6319,27.18,85,81,8.21,RU,2022-04-11 22:42:29
201,Upernavik,72.7868,-56.1549,14.34,95,100,8.97,GL,2022-04-11 22:42:29
202,Richards Bay,-28.783,32.0377,67.14,88,51,11.39,ZA,2022-04-11 22:42:29
203,Mayo,38.8876,-76.5119,64.56,63,0,17.27,US,2022-04-11 22:40:35
204,Vostok,46.4856,135.8833,33.91,99,100,2.17,RU,2022-04-11 22:42:30
205,Saint-Pierre,-21.3393,55.4781,76.68,79,0,20.71,RE,2022-04-11 22:42:30
206,Hansi,29.1,75.9667,83.7,14,100,1.45,IN,2022-04-11 22:42:30
207,Mar Del Plata,-38.0023,-57.5575,59.09,87,20,12.66,AR,2022-04-11 22:42:31
208,Guhagar,17.4842,73.1929,77.95,65,100,5.03,IN,2022-04-11 22:42:31
209,Tupiza,-21.45,-65.7167,61.83,11,0,10.96,BO,2022-04-11 22:42:31
210,Kruisfontein,-34.0033,24.7314,62.67,91,15,3.83,ZA,2022-04-11 22:42:32
211,Susangerd,31.5608,48.1831,79.32,11,38,2.35,IR,2022-04-11 22:42:32
212,Fortuna,40.5982,-124.1573,46.74,79,75,20.71,US,2022-04-11 22:37:39
213,Dingle,10.9995,122.6711,73.24,96,100,7.99,PH,2022-04-11 22:42:32
214,Douentza,14.9951,-2.9517,88.5,9,43,5.79,ML,2022-04-11 22:42:33
215,College,64.8569,-147.8028,37.47,53,0,6.91,US,2022-04-11 22:41:22
216,Beringovskiy,63.05,179.3167,25.27,90,100,12.3,RU,2022-04-11 22:42:33
217,Lieksa,63.3167,30.0167,33.19,98,100,6.44,FI,2022-04-11 22:42:34
218,Shache,38.4167,77.2406,62.49,24,97,6.67,CN,2022-04-11 22:42:34
219,Mayumba,-3.432,10.6554,77.32,91,95,5.14,GA,2022-04-11 22:42:34
220,Katsuura,35.1333,140.3,64.47,83,100,11.16,JP,2022-04-11 22:42:35
221,Mount Isa,-20.7333,139.5,83.97,28,37,5.75,AU,2022-04-11 22:42:35
222,Zholymbet,51.7433,71.7122,36.5,59,100,14.94,KZ,2022-04-11 22:41:19
223,Auki,-8.7676,160.7034,84.87,64,84,1.9,SB,2022-04-11 22:42:35
224,Saskylakh,71.9167,114.0833,-4.74,99,100,2.46,RU,2022-04-11 22:42:36
225,Asau,46.4333,26.4,38.32,88,43,4.63,RO,2022-04-11 22:42:36
226,Georgetown,5.4112,100.3354,78.73,94,20,3.44,MY,2022-04-11 22:41:19
227,Christchurch,-43.5333,172.6333,64.94,68,100,4.0,NZ,2022-04-11 22:40:36
228,Puerto Penasco,31.3167,-113.5333,68.92,73,0,18.99,MX,2022-04-11 22:42:37
229,Hervey Bay,-25.2986,152.8535,75.02,86,2,5.01,AU,2022-04-11 22:43:37
230,Kazanskaya,45.4106,40.4361,55.67,81,61,9.15,RU,2022-04-11 22:43:37
231,Kamaishi,39.2667,141.8833,60.6,58,10,6.29,JP,2022-04-11 22:43:38
232,Saint Anthony,45.0205,-93.218,60.26,33,40,17.27,US,2022-04-11 22:43:38
233,Bandarbeyla,9.4942,50.8122,79.3,80,4,2.98,SO,2022-04-11 22:43:38
234,Ozernovskiy,51.5,156.5167,29.62,76,17,5.17,RU,2022-04-11 22:43:39
235,Sayat,38.7839,63.8803,57.07,48,0,6.4,TM,2022-04-11 22:43:39
236,Batticaloa,7.7102,81.6924,78.53,82,99,3.96,LK,2022-04-11 22:43:39
237,Jiangyou,31.7667,104.7167,59.27,76,100,4.92,CN,2022-04-11 22:43:40
238,Santa Helena De Goias,-17.8136,-50.5969,73.44,83,80,3.38,BR,2022-04-11 22:43:40
239,Bontang,0.1333,117.5,76.69,89,100,5.37,ID,2022-04-11 22:43:40
240,Kushnarenkovo,55.105,55.3508,39.07,89,55,3.2,RU,2022-04-11 22:43:41
241,Excelsior Springs,39.3392,-94.2261,67.82,26,0,4.61,US,2022-04-11 22:43:41
242,Malanje,-9.5402,16.341,63.39,96,84,0.72,AO,2022-04-11 22:43:41
243,Berlevag,70.8578,29.0864,35.6,92,96,6.58,NO,2022-04-11 22:43:42
244,Santo Amaro Da Imperatriz,-27.6881,-48.7786,74.08,100,100,1.83,BR,2022-04-11 22:43:42
245,Ugoofaaru,5.6667,73.0,83.75,75,30,10.78,MV,2022-04-11 22:43:42
246,Sabha,27.0377,14.4283,69.76,26,1,15.1,LY,2022-04-11 22:43:43
247,Teluk Nibung,3.001,99.8164,74.26,92,100,3.33,ID,2022-04-11 22:43:43
248,Nioro,13.35,-15.75,82.56,33,2,7.47,GM,2022-04-11 22:43:43
249,Fuengirola,36.54,-4.6247,61.84,58,75,5.75,ES,2022-04-11 22:43:43
250,Nyaunglebin,17.95,96.7333,75.74,78,28,4.92,MM,2022-04-11 22:43:44
251,Pisco,-13.7,-76.2167,69.85,68,0,25.32,PE,2022-04-11 22:43:44
252,Udachnyy,66.4167,112.4,17.46,61,96,1.14,RU,2022-04-11 22:43:44
253,Yashkul,46.1711,45.3435,53.01,70,1,10.92,RU,2022-04-11 22:43:45
254,Egvekinot,66.3167,-179.1667,11.75,87,100,12.1,RU,2022-04-11 22:43:45
255,Praia,14.9215,-23.5087,70.34,68,75,20.71,CV,2022-04-11 22:43:45
256,Mwense,-10.3845,28.698,64.56,96,83,3.78,ZM,2022-04-11 22:43:46
257,Severo-Kurilsk,50.6789,156.125,31.06,77,19,6.62,RU,2022-04-11 22:43:46
258,Port Hardy,50.6996,-127.4199,50.18,29,20,12.66,CA,2022-04-11 22:43:46
259,Parambu,-6.2111,-40.6944,70.7,95,98,2.42,BR,2022-04-11 22:43:46
260,Imbituba,-28.24,-48.6703,72.82,95,100,9.15,BR,2022-04-11 22:43:47
261,Touros,-5.1989,-35.4608,79.38,77,100,9.91,BR,2022-04-11 22:43:47
262,Beni,0.5,29.4667,62.83,99,99,1.57,CD,2022-04-11 22:43:47
263,Beidao,34.5686,105.8933,45.93,80,100,1.5,CN,2022-04-11 22:43:48
264,Lompoc,34.6391,-120.4579,64.56,84,100,18.99,US,2022-04-11 22:40:36
265,Geraldton,-28.7667,114.6,52.21,93,0,5.75,AU,2022-04-11 22:43:48
266,Shwebo,22.5667,95.7,76.51,61,11,7.54,MM,2022-04-11 22:43:48
267,Alofi,-19.0595,-169.9187,84.09,74,40,5.75,NU,2022-04-11 22:38:50
268,Morant Bay,17.8815,-76.4093,80.22,78,48,10.38,JM,2022-04-11 22:43:49
269,Gaziantep,37.0594,37.3825,46.33,87,40,11.5,TR,2022-04-11 22:43:49
270,Tuy Hoa,13.0833,109.3,72.52,91,75,3.18,VN,2022-04-11 22:43:49
271,Erzin,36.9559,36.2,53.42,88,72,5.97,TR,2022-04-11 22:43:50
272,Arraial Do Cabo,-22.9661,-42.0278,76.86,83,0,8.05,BR,2022-04-11 22:40:21
273,Acajutla,13.5928,-89.8275,85.82,61,51,5.75,SV,2022-04-11 22:43:50
274,Moscow,55.7522,37.6156,37.63,98,100,6.73,RU,2022-04-11 22:42:28
275,Berwick,41.0545,-76.2333,58.1,65,100,5.19,US,2022-04-11 22:44:51
276,Port Hedland,-20.3167,118.5667,73.45,83,1,5.75,AU,2022-04-11 22:44:51
277,Seybaplaya,19.65,-90.6667,87.78,53,20,8.63,MX,2022-04-11 22:44:51
278,Cidreira,-30.1811,-50.2056,68.86,92,100,12.17,BR,2022-04-11 22:44:51
279,Moree,-29.4667,149.85,69.82,68,0,5.75,AU,2022-04-11 22:44:52
280,Gimli,50.6336,-96.9907,33.82,55,90,12.66,CA,2022-04-11 22:44:52
281,Pangnirtung,66.1451,-65.7125,17.6,67,0,2.3,CA,2022-04-11 22:44:52
282,Kaitangata,-46.2817,169.8464,50.18,89,100,8.05,NZ,2022-04-11 22:44:14
283,Tabou,4.423,-7.3528,80.46,86,58,6.76,CI,2022-04-11 22:44:53
284,San Jose,37.3394,-121.895,60.08,35,75,26.46,US,2022-04-11 22:43:47
285,Naze,28.3667,129.4833,68.92,87,17,4.38,JP,2022-04-11 22:44:53
286,Lavrentiya,65.5833,-171.0,27.64,89,100,8.12,RU,2022-04-11 22:44:54
287,Pandan,14.0453,124.1694,79.59,88,100,13.18,PH,2022-04-11 22:44:54
288,Kontagora,10.3999,5.4695,90.07,30,96,6.22,NG,2022-04-11 22:44:54
289,Odweyne,9.4092,45.064,73.18,47,13,1.39,SO,2022-04-11 22:44:55
290,Smithers,54.7804,-127.1743,39.52,33,75,18.41,CA,2022-04-11 22:44:01
291,Fort-Shevchenko,44.5086,50.263,56.25,65,28,11.81,KZ,2022-04-11 22:44:55
292,Narsaq,60.9167,-46.05,39.42,51,90,12.66,GL,2022-04-11 22:44:55
293,Torbat-E Jam,35.244,60.6225,58.1,65,1,1.32,IR,2022-04-11 22:44:56
294,Omsukchan,62.5333,155.8,-0.58,91,66,4.61,RU,2022-04-11 22:44:56
295,Penhold,52.1334,-113.8687,30.25,37,75,18.41,CA,2022-04-11 22:44:56
296,Petushki,55.9264,39.461,40.44,99,100,6.02,RU,2022-04-11 22:44:56
297,Krasnovishersk,60.4078,57.082,33.51,100,100,2.8,RU,2022-04-11 22:44:57
298,Pevek,69.7008,170.3133,-11.87,91,32,8.57,RU,2022-04-11 22:44:57
299,Ribeira Grande,38.5167,-28.7,61.0,92,100,12.66,PT,2022-04-11 22:44:57
300,Den Helder,52.9599,4.7593,49.95,71,100,15.99,NL,2022-04-11 22:44:58
301,Kozluk,38.1938,41.4885,57.45,57,20,6.42,TR,2022-04-11 22:44:58
302,Padang,-0.9492,100.3543,75.25,86,99,3.44,ID,2022-04-11 22:44:58
303,Gorgan,36.8387,54.4348,49.96,82,0,6.91,IR,2022-04-11 22:44:59
304,Tierranueva,21.6833,-100.5667,85.91,13,3,10.76,MX,2022-04-11 22:44:59
305,Dunedin,-45.8742,170.5036,53.8,79,100,11.52,NZ,2022-04-11 22:40:10
306,Carnarvon,-24.8667,113.6333,60.87,77,6,9.22,AU,2022-04-11 22:44:59
307,Ambilobe,-13.2,49.05,71.22,88,63,3.11,MG,2022-04-11 22:45:00
308,Dingli,35.8614,14.3822,53.82,82,20,10.36,MT,2022-04-11 22:45:00
309,Talnakh,69.4865,88.3972,-1.8,92,78,9.73,RU,2022-04-11 22:45:00
310,Puerto Escondido,15.85,-97.0667,86.7,62,44,9.37,MX,2022-04-11 22:42:09
311,Lagoa,39.05,-27.9833,59.49,95,100,17.74,PT,2022-04-11 22:45:01
312,Obigarm,38.7173,69.7088,56.43,81,100,5.12,TJ,2022-04-11 22:45:01
313,Necochea,-38.5473,-58.7368,55.65,86,97,12.68,AR,2022-04-11 22:45:01
314,Waitati,-45.75,170.5667,53.8,79,100,5.28,NZ,2022-04-11 22:45:02
315,Poya,-21.35,165.15,79.86,77,15,5.32,NC,2022-04-11 22:45:02
316,Helong,42.5397,128.9972,48.31,80,100,4.41,CN,2022-04-11 22:45:02
317,Hohhot,40.8106,111.6522,26.89,63,0,2.24,CN,2022-04-11 22:45:03
318,Siirt,37.9326,41.9403,56.03,47,8,5.26,TR,2022-04-11 22:41:57
319,Malakal,9.5334,31.6605,78.33,65,100,9.37,SS,2022-04-11 22:46:03
320,Goldsboro,35.3849,-77.9928,78.94,26,75,10.36,US,2022-04-11 22:46:03
321,Guasdualito,7.2424,-70.7324,93.16,52,40,0.0,VE,2022-04-11 22:46:04
322,San Ignacio,17.1561,-89.0714,89.74,58,40,6.91,BZ,2022-04-11 22:46:04
323,Kloulklubed,7.0419,134.2556,81.1,82,100,23.67,PW,2022-04-11 22:46:05
324,Puliyur,10.6333,78.8333,80.4,89,40,1.14,IN,2022-04-11 22:46:05
325,Eureka,40.8021,-124.1637,49.19,65,58,11.99,US,2022-04-11 22:43:01
326,Akcakoca,41.0866,31.1162,45.63,82,100,8.41,TR,2022-04-11 22:46:05
327,Noyabrsk,63.1994,75.4507,27.66,96,98,9.98,RU,2022-04-11 22:46:07
328,Severobaykalsk,55.65,109.3167,23.07,94,100,1.36,RU,2022-04-11 22:46:07
329,Araouane,18.9048,-3.5265,83.88,5,6,8.81,ML,2022-04-11 22:46:08
330,Matagami,49.7502,-77.6328,42.91,45,0,18.41,CA,2022-04-11 22:46:08
331,Pundaguitan,6.3711,126.1689,81.97,77,100,10.04,PH,2022-04-11 22:46:08
332,Plettenberg Bay,-34.0527,23.3716,67.8,69,0,5.32,ZA,2022-04-11 22:46:09
333,Ossora,59.2353,163.0719,21.36,80,100,6.08,RU,2022-04-11 22:44:47
334,Muli,2.9167,73.5667,83.68,74,55,13.18,MV,2022-04-11 22:46:09
335,Ivanivka,46.7208,34.553,42.69,81,100,19.73,UA,2022-04-11 22:46:10
336,Aklavik,68.2191,-135.0107,15.8,79,71,9.44,CA,2022-04-11 22:46:10
337,Itarema,-2.9248,-39.9167,78.57,83,71,10.65,BR,2022-04-11 22:44:18
338,Nanortalik,60.1432,-45.2371,33.1,75,100,9.71,GL,2022-04-11 22:46:11
339,Lorengau,-2.0226,147.2712,84.65,68,33,9.46,PG,2022-04-11 22:46:11
340,Shebalino,51.2917,85.6772,22.66,87,11,5.1,RU,2022-04-11 22:46:12
341,Abasolo,20.45,-101.5167,88.66,13,13,10.76,MX,2022-04-11 22:46:12
342,Luanda,-8.8368,13.2343,77.81,86,76,4.34,AO,2022-04-11 22:43:44
343,La Ronge,55.1001,-105.2842,19.65,53,100,17.27,CA,2022-04-11 22:46:13
344,Codrington,-38.2667,141.9667,58.03,53,100,7.38,AU,2022-04-11 22:45:51
345,Phalodi,27.1333,72.3667,79.59,33,100,11.72,IN,2022-04-11 22:46:13
346,La Reforma,25.0833,-108.05,75.33,65,100,9.82,MX,2022-04-11 22:46:13
347,Acarau,-2.8856,-40.12,78.66,84,79,10.85,BR,2022-04-11 22:46:14
348,Rocha,-34.4833,-54.3333,65.08,95,26,5.7,UY,2022-04-11 22:44:52
349,Divnoye,45.9089,43.3547,50.92,72,5,16.49,RU,2022-04-11 22:46:14
350,Shimoda,34.6667,138.95,65.16,71,85,7.49,JP,2022-04-11 22:45:41
351,Lata,40.1629,-8.3327,49.91,94,7,4.97,PT,2022-04-11 22:44:13
352,Beloha,-25.1667,45.05,72.68,82,100,13.6,MG,2022-04-11 22:46:15
353,Pandamatenga,-18.5278,25.627,64.69,80,63,1.16,BW,2022-04-11 22:46:15
354,Alice Springs,-23.7,133.8833,76.55,41,75,0.0,AU,2022-04-11 22:42:11
355,Usak,38.5,29.4167,34.21,83,76,7.25,TR,2022-04-11 22:46:16
356,Cururupu,-1.8283,-44.8683,75.79,93,100,4.16,BR,2022-04-11 22:46:16
357,Pangody,65.85,74.4859,33.82,100,100,9.89,RU,2022-04-11 22:46:16
358,Kieta,-6.2167,155.6333,84.69,67,86,2.95,PG,2022-04-11 22:46:17
359,Voskresenskoye,56.8381,45.4317,43.57,95,50,7.2,RU,2022-04-11 22:46:17
360,Petersburg,37.2279,-77.4019,71.76,52,60,5.46,US,2022-04-11 22:46:18
361,Arman,59.7,150.1667,12.02,65,1,6.31,RU,2022-04-11 22:46:18
362,Maradi,13.5,7.1017,87.96,7,29,9.19,NE,2022-04-11 22:46:18
363,Kahului,20.8947,-156.47,86.02,61,40,19.57,US,2022-04-11 22:47:19
364,Simao,22.7886,100.9748,59.63,72,19,0.65,CN,2022-04-11 22:47:19
365,Casas Grandes,30.3667,-107.95,79.45,10,0,24.11,MX,2022-04-11 22:47:20
366,Saint-Joseph,-21.3667,55.6167,75.58,83,73,15.28,RE,2022-04-11 22:47:20
367,Illapel,-31.6308,-71.1653,61.7,64,0,4.36,CL,2022-04-11 22:46:19
368,Matara,5.9485,80.5353,78.03,87,93,5.66,LK,2022-04-11 22:47:21
369,Umea,63.8284,20.2597,27.91,100,31,0.0,SE,2022-04-11 22:47:21
370,Walvis Bay,-22.9575,14.5053,58.15,94,7,5.75,NA,2022-04-11 22:46:26
371,Sechura,-5.5569,-80.8222,76.12,66,50,17.92,PE,2022-04-11 22:47:22
372,Haines Junction,60.7522,-137.5108,28.35,34,100,13.8,CA,2022-04-11 22:46:04
373,Lalitpur,27.6667,85.3333,66.58,94,75,0.0,NP,2022-04-11 22:47:22
374,Vilhena,-12.7406,-60.1458,79.02,83,20,5.75,BR,2022-04-11 22:47:22
375,Meulaboh,4.1363,96.1285,75.07,89,39,2.71,ID,2022-04-11 22:46:37
376,Chilliwack,49.1747,-121.9443,55.92,33,100,9.22,CA,2022-04-11 22:47:23
377,Riyadh,24.6877,46.7219,82.54,19,77,2.15,SA,2022-04-11 22:47:23
378,Azangaro,-14.9167,-70.2167,51.66,56,82,3.47,PE,2022-04-11 22:47:24
379,Bathsheba,13.2167,-59.5167,81.21,69,75,14.97,BB,2022-04-11 22:47:24
380,Bima,-8.4667,118.7167,76.19,89,52,3.13,ID,2022-04-11 22:47:24
381,Caratinga,-19.7897,-42.1392,69.13,88,7,2.66,BR,2022-04-11 22:47:25
382,Baykit,61.67,96.37,7.81,97,26,3.31,RU,2022-04-11 22:47:25
383,Lasa,46.6166,10.7002,49.08,76,72,1.5,IT,2022-04-11 22:47:25
384,Ginda,30.6945,78.4932,62.49,24,100,6.69,IN,2022-04-11 22:47:26
385,Makakilo City,21.3469,-158.0858,82.72,53,75,13.8,US,2022-04-11 22:47:26
386,Ilulissat,69.2167,-51.1,26.62,54,75,0.0,GL,2022-04-11 22:46:19
387,Port Moresby,-9.4431,147.1797,81.82,78,20,5.75,PG,2022-04-11 22:46:39
388,High Level,58.5169,-117.136,17.71,57,75,18.41,CA,2022-04-11 22:47:27
389,Saint-Augustin,51.226,-58.6502,34.83,73,45,13.69,CA,2022-04-11 22:47:27
390,Comarapa,-17.9,-64.4833,59.0,92,91,4.81,BO,2022-04-11 22:47:27
391,Bonavista,48.6499,-53.1147,31.95,96,100,37.6,CA,2022-04-11 22:47:28
392,Kirensk,57.7853,108.1119,19.18,94,99,0.29,RU,2022-04-11 22:47:28
393,Yerofey Pavlovich,53.9667,121.9667,27.3,68,100,4.41,RU,2022-04-11 22:45:08
394,Betsiamites,48.9413,-68.646,46.49,96,41,8.99,CA,2022-04-11 22:43:12
395,Broken Hill,-31.95,141.4333,60.51,59,4,6.91,AU,2022-04-11 22:45:03
396,Miraflores,19.2167,-98.8083,77.04,32,94,7.34,MX,2022-04-11 22:47:29
397,Carutapera,-1.195,-46.02,77.36,89,100,7.11,BR,2022-04-11 22:47:29
398,Kurikka,62.6167,22.4167,34.86,96,77,2.66,FI,2022-04-11 22:47:29
399,Bayji,34.9311,43.487,74.48,17,1,12.93,IQ,2022-04-11 22:47:30
400,Tevriz,57.509,72.4042,25.34,95,33,4.07,RU,2022-04-11 22:47:30
401,Xingcheng,40.6167,120.7167,50.07,36,100,17.16,CN,2022-04-11 22:47:30
402,Mkushi,-13.6202,29.3939,61.3,98,69,4.54,ZM,2022-04-11 22:47:30
403,Inuvik,68.3499,-133.7218,16.66,36,0,3.44,CA,2022-04-11 22:47:31
404,Tautira,-17.7333,-149.15,81.0,76,33,15.14,PF,2022-04-11 22:47:31
405,Umm Lajj,25.0213,37.2685,76.06,67,0,8.28,SA,2022-04-11 22:47:32
406,Asyut,27.181,31.1837,68.18,49,1,18.7,EG,2022-04-11 22:47:32
407,Iquitos,-3.7481,-73.2472,80.64,83,40,4.61,PE,2022-04-11 22:47:32
408,Avera,33.194,-82.5271,78.31,56,87,7.58,US,2022-04-11 22:48:32
409,Ixtapa,20.7,-105.2,87.21,40,4,6.17,MX,2022-04-11 22:48:33
410,Troitskoye,52.9821,84.6757,30.34,73,12,8.14,RU,2022-04-11 22:48:33
411,Lazaro Cardenas,17.9583,-102.2,82.89,65,39,12.03,MX,2022-04-11 22:48:33
412,Robertsonpet,12.9667,78.2833,69.57,95,99,3.89,IN,2022-04-11 22:48:34
413,Supe,-10.8,-77.7333,67.96,84,100,9.13,PE,2022-04-11 22:48:34
414,Jiazi,22.8779,116.067,73.38,78,0,1.81,CN,2022-04-11 22:48:34
415,Kargil,34.5667,76.1,32.0,54,100,3.71,IN,2022-04-11 22:48:35
416,Butte,39.6499,-121.5677,59.92,18,0,16.11,US,2022-04-11 22:48:35
417,Senador Guiomard,-10.1522,-67.7392,80.35,96,82,4.32,BR,2022-04-11 22:48:35
418,Luocheng,29.3848,104.0286,63.93,87,98,3.36,CN,2022-04-11 22:48:35
419,Storsteinnes,69.2408,19.2344,32.65,98,100,5.03,NO,2022-04-11 22:48:36
420,Puri,19.8,85.85,81.12,85,34,21.47,IN,2022-04-11 22:48:36
421,Hofn,64.2539,-15.2082,34.56,85,100,15.93,IS,2022-04-11 22:45:16
422,Sinnamary,5.3833,-52.95,77.47,88,90,11.45,GF,2022-04-11 22:48:37
423,Inirida,3.8653,-67.9239,77.52,89,85,1.79,CO,2022-04-11 22:47:07
424,Kultuk,51.7208,103.6956,25.59,91,100,2.77,RU,2022-04-11 22:48:37
425,Iralaya,15.0,-83.2333,80.82,77,56,11.7,HN,2022-04-11 22:48:37
426,Tocopilla,-22.092,-70.1979,64.58,74,20,7.81,CL,2022-04-11 22:48:38
427,Olkusz,50.2813,19.565,41.07,76,48,3.6,PL,2022-04-11 22:48:38
428,Aden,12.7794,45.0367,80.71,77,2,10.33,YE,2022-04-11 22:48:38
429,High Prairie,55.4334,-116.4858,25.47,38,62,14.34,CA,2022-04-11 22:48:38
430,Mackay,-21.15,149.2,81.68,88,31,10.36,AU,2022-04-11 22:48:39
431,Camana,-16.6228,-72.7111,67.93,78,44,6.87,PE,2022-04-11 22:48:39
432,Soto La Marina,23.7667,-98.2167,86.77,53,0,17.98,MX,2022-04-11 22:48:39
433,Balabac,7.9868,117.0645,81.1,80,100,9.42,PH,2022-04-11 22:48:40
434,Saravan,39.7196,45.6483,44.15,59,5,6.17,AM,2022-04-11 22:48:40
435,Witbank,-25.8713,29.2332,52.65,88,3,3.76,ZA,2022-04-11 22:48:40
436,Zabaykalsk,49.6333,117.3167,30.52,63,9,7.05,RU,2022-04-11 22:48:41
437,Coffs Harbour,-30.3,153.1333,70.12,88,100,8.05,AU,2022-04-11 22:48:41
438,Olinda,-8.0089,-34.8553,82.13,65,20,6.91,BR,2022-04-11 22:48:41
439,Tutoia,-2.7619,-42.2744,77.14,89,100,8.95,BR,2022-04-11 22:48:42
440,Aykhal,66.0,111.5,10.8,100,78,1.07,RU,2022-04-11 22:48:42
441,Bambous Virieux,-20.3428,57.7575,75.45,94,75,10.36,MU,2022-04-11 22:48:42
442,Gandorhun,7.5,-11.8333,78.75,84,71,2.3,SL,2022-04-11 22:48:42
443,Santa Cruz,-17.8,-63.1667,82.45,65,75,16.11,BO,2022-04-11 22:48:43
444,Beaverlodge,55.2166,-119.4361,22.35,42,100,13.76,CA,2022-04-11 22:48:43
445,Erenhot,43.6475,111.9767,36.01,40,1,6.85,CN,2022-04-11 22:48:43
446,Romny,50.751,33.4747,34.36,98,100,19.22,UA,2022-04-11 22:48:44
447,Kathmandu,27.7167,85.3167,66.42,94,75,0.0,NP,2022-04-11 22:45:00
448,Kawalu,-7.3817,108.2082,71.24,96,41,1.66,ID,2022-04-11 22:48:44
449,Tarko-Sale,64.9225,77.785,33.64,98,100,9.01,RU,2022-04-11 22:48:45
450,Yerbogachen,61.2767,108.0108,14.97,94,62,1.83,RU,2022-04-11 22:48:45
451,Houston,29.7633,-95.3633,82.8,70,100,14.97,US,2022-04-11 22:47:09
452,Talara,-4.5772,-81.2719,75.96,69,0,17.27,PE,2022-04-11 22:48:45
453,Gigmoto,13.7796,124.39,79.29,90,100,12.08,PH,2022-04-11 22:48:46
454,Coihaique,-45.5752,-72.0662,50.61,61,20,3.44,CL,2022-04-11 22:48:10
455,Tilichiki,60.4667,166.1,8.62,85,100,13.15,RU,2022-04-11 22:48:46
456,Kurilsk,45.2333,147.8833,36.97,96,100,8.12,RU,2022-04-11 22:48:46
457,Mathbaria,22.2876,89.9593,81.84,71,97,8.63,BD,2022-04-11 22:48:47
458,Calamar,10.2511,-74.9146,87.12,56,100,14.83,CO,2022-04-11 22:49:47
459,Riachao Das Neves,-11.7461,-44.91,82.04,35,43,1.7,BR,2022-04-11 22:49:47
460,Matay,28.419,30.7792,59.68,57,0,18.95,EG,2022-04-11 22:49:48
461,Tyler,32.3513,-95.3011,81.43,64,100,11.5,US,2022-04-11 22:44:56
462,Ancud,-41.8697,-73.8203,48.22,90,63,10.09,CL,2022-04-11 22:49:48
463,Baherden,38.4362,57.4316,65.28,50,3,9.48,TM,2022-04-11 22:49:48
464,Sassandra,4.95,-6.0833,79.79,89,97,6.51,CI,2022-04-11 22:49:49
465,Santa Maria Del Oro,25.9333,-105.3667,75.65,17,100,22.3,MX,2022-04-11 22:49:49
466,Urucui,-7.2294,-44.5561,79.63,81,88,2.26,BR,2022-04-11 22:49:49
467,Vryburg,-26.9566,24.7284,60.28,80,74,7.45,ZA,2022-04-11 22:49:50
468,Zavetnoye,47.1194,43.8903,53.28,65,5,15.26,RU,2022-04-11 22:49:50
469,Gazojak,41.1875,61.4036,60.98,50,52,6.73,TM,2022-04-11 22:49:50
470,Taltal,-25.4,-70.4833,61.75,78,22,3.98,CL,2022-04-11 22:49:50
471,Tamazunchale,21.2667,-98.7833,103.19,19,4,10.42,MX,2022-04-11 22:49:51
472,Zhigansk,66.7697,123.3711,2.95,95,44,11.95,RU,2022-04-11 22:49:51
473,Kushima,31.4583,131.2333,66.78,96,99,2.21,JP,2022-04-11 22:49:51
474,Zhanaozen,43.3,52.8,59.59,52,4,8.1,KZ,2022-04-11 22:49:52
475,Vaitape,-16.5167,-151.75,82.24,69,11,13.94,PF,2022-04-11 22:46:40
476,Harper,4.375,-7.7169,80.6,85,37,7.29,LR,2022-04-11 22:49:52
477,Nicoya,10.1483,-85.452,87.93,48,98,13.29,CR,2022-04-11 22:49:52
478,Inhambane,-23.865,35.3833,76.05,92,93,3.4,MZ,2022-04-11 22:49:53
479,Yarada,17.65,83.2667,80.92,89,40,5.75,IN,2022-04-11 22:49:53
480,Wewak,-3.5534,143.6268,81.16,83,44,6.22,PG,2022-04-11 22:49:53
481,Arrecife,28.963,-13.5477,66.18,68,20,4.61,ES,2022-04-11 22:48:23
482,Tongren,27.7172,109.1853,68.16,88,76,2.68,CN,2022-04-11 22:49:54
483,Santa Lucia,27.9117,-15.5407,58.77,68,75,13.8,ES,2022-04-11 22:49:54
484,Arlit,18.7369,7.3853,87.17,8,0,5.7,NE,2022-04-11 22:49:55
485,Chara,56.9064,118.2631,15.28,76,96,0.09,RU,2022-04-11 22:49:55
486,Uncia,-18.467,-66.5685,52.09,27,24,3.85,BO,2022-04-11 22:49:55
487,Temozon,20.8,-88.2167,84.18,53,17,9.01,MX,2022-04-11 22:49:55
488,Seaforth,17.9358,-76.4573,79.65,81,51,7.25,JM,2022-04-11 22:49:56
489,Hongjiang,27.11,109.9956,69.55,77,9,2.91,CN,2022-04-11 22:49:56
490,Mezen,65.8522,44.24,33.22,96,99,6.93,RU,2022-04-11 22:45:18
491,Nanakuli,21.3906,-158.1547,84.15,55,75,13.8,US,2022-04-11 22:49:57
492,Caravelas,-17.7125,-39.2481,76.37,82,25,3.53,BR,2022-04-11 22:46:18
493,Altamont,42.2068,-121.7372,35.44,74,75,27.63,US,2022-04-11 22:49:57
494,Jumla,29.2747,82.1838,50.4,73,56,4.38,NP,2022-04-11 22:49:57
495,Upata,8.0086,-62.3989,80.13,59,57,9.84,VE,2022-04-11 22:49:58
496,Sfantu Gheorghe,45.8667,25.7833,35.65,84,17,5.73,RO,2022-04-11 22:49:58
497,Miastko,54.0028,16.9826,35.53,86,0,5.06,PL,2022-04-11 22:49:58
498,Guanica,17.9716,-66.908,81.05,79,72,6.29,PR,2022-04-11 22:49:58
499,Lethem,3.3803,-59.7968,84.79,56,88,12.53,GY,2022-04-11 22:49:59
500,Bundaberg,-24.85,152.35,78.22,80,10,8.05,AU,2022-04-11 22:49:59
501,Kuliyapitiya,7.4688,80.0401,75.65,92,99,2.91,LK,2022-04-11 22:49:59
502,Cabra,37.4725,-4.4421,53.15,91,100,6.29,ES,2022-04-11 22:50:00
503,Sioux Lookout,50.1001,-91.917,46.47,34,75,16.11,CA,2022-04-11 22:50:00
504,Zelenogradsk,54.9589,20.4767,32.97,82,20,4.47,RU,2022-04-11 22:51:00
505,Sanary-Sur-Mer,43.1178,5.8001,54.88,68,66,5.99,FR,2022-04-11 22:51:01
506,Villa Del Rosario,7.8339,-72.4742,84.58,58,40,10.36,CO,2022-04-11 22:51:01
507,Mahibadhoo,3.7833,72.9667,84.07,74,70,13.33,MV,2022-04-11 22:51:01
508,Bunia,1.5667,30.25,63.39,95,96,2.91,CD,2022-04-11 22:51:02
509,Comodoro Rivadavia,-45.8667,-67.5,53.46,76,40,5.75,AR,2022-04-11 22:51:02
510,Tiarei,-17.5333,-149.3333,84.22,74,12,15.5,PF,2022-04-11 22:51:02
511,Cockburn Town,21.4612,-71.1419,76.48,79,26,26.82,TC,2022-04-11 22:51:03
512,Amanganj,24.4333,80.0333,86.16,15,100,2.57,IN,2022-04-11 22:51:03
513,Ulaanbaatar,47.9077,106.8832,14.13,85,0,2.24,MN,2022-04-11 22:50:22
514,El Puerto De Santa Maria,36.5939,-6.233,59.14,88,20,6.91,ES,2022-04-11 22:51:03
515,Bahnea,46.3667,24.4833,31.64,86,1,6.91,RO,2022-04-11 22:51:04
516,Ferkessedougou,9.6,-5.2,81.18,62,93,3.4,CI,2022-04-11 22:51:04
517,Fukue,32.6881,128.8419,64.85,94,91,7.38,JP,2022-04-11 22:51:04
518,Hambantota,6.1241,81.1185,79.48,85,100,7.9,LK,2022-04-11 22:51:05
519,Peterlee,54.7603,-1.3365,46.44,88,100,1.99,GB,2022-04-11 22:51:05
520,Nizhniy Tsasuchey,50.5167,115.1333,30.63,58,58,9.73,RU,2022-04-11 22:51:05
521,Bedele,8.456,36.353,58.87,88,96,3.06,ET,2022-04-11 22:51:06
522,Muravlenko,63.7898,74.523,30.74,96,100,10.36,RU,2022-04-11 22:51:06
523,Portland,45.5234,-122.6762,47.52,86,100,10.36,US,2022-04-11 22:49:40
524,Sulangan,11.1373,123.7228,78.01,95,100,32.19,PH,2022-04-11 22:51:07
525,Chumikan,54.7183,135.315,25.61,96,100,17.58,RU,2022-04-11 22:51:07
526,Krasnoselkup,65.7,82.4667,32.54,99,100,6.85,RU,2022-04-11 22:51:07
527,Conakry,9.538,-13.6773,77.95,81,21,6.06,GN,2022-04-11 22:51:08
528,Awjilah,29.1081,21.2869,62.26,44,0,9.26,LY,2022-04-11 22:51:08
529,Poli,-3.3333,36.8,60.73,89,85,2.89,TZ,2022-04-11 22:51:08
530,Chifeng,42.2683,118.9636,42.15,26,99,13.4,CN,2022-04-11 22:51:09
531,Caborca,30.5838,-111.101,81.32,19,0,25.9,MX,2022-04-11 22:51:09
532,Litovko,49.2361,135.1742,28.53,87,99,3.98,RU,2022-04-11 22:51:09
533,Katubao,5.8892,124.8294,80.44,82,99,11.86,PH,2022-04-11 22:51:09
534,Puerto Narino,-3.7703,-70.3831,76.08,89,33,1.99,CO,2022-04-11 22:51:10
535,Turukhansk,65.8167,87.9833,6.64,92,97,7.99,RU,2022-04-11 22:51:10
536,Boysun,38.2061,67.1986,56.68,62,72,5.48,UZ,2022-04-11 22:51:10
537,Vila Franca Do Campo,37.7167,-25.4333,61.21,95,93,10.11,PT,2022-04-11 22:51:11
538,Waingapu,-9.6567,120.2641,76.68,77,83,6.02,ID,2022-04-11 22:51:11
539,Talaya,61.3833,152.75,-7.82,94,100,1.68,RU,2022-04-11 22:51:11
540,Turayf,31.6725,38.6637,61.05,33,0,9.22,SA,2022-04-11 22:51:12
541,Lumphat,13.4878,106.9816,74.17,90,84,2.59,KH,2022-04-11 22:51:12
542,Oktyabrskiy,54.4815,53.471,39.52,99,94,2.35,RU,2022-04-11 22:51:12
543,Kalabo,-14.97,22.6814,66.76,92,98,7.38,ZM,2022-04-11 22:51:13
544,Verkhnyaya Inta,65.9811,60.3094,35.28,100,100,5.48,RU,2022-04-11 22:51:13
545,Olafsvik,64.8945,-23.7142,33.12,79,76,25.59,IS,2022-04-11 22:51:13
546,Vila,42.0304,-8.1588,43.68,92,63,6.2,PT,2022-04-11 22:51:14
547,Medvedok,57.3891,50.0351,36.14,99,100,4.45,RU,2022-04-11 22:51:14
548,Iranshahr,27.2025,60.6848,77.13,10,44,1.43,IR,2022-04-11 22:51:14
549,Sao Joao Da Barra,-21.6403,-41.0511,76.51,83,10,9.13,BR,2022-04-11 22:51:15
550,Praia Da Vitoria,38.7333,-27.0667,62.85,88,40,10.98,PT,2022-04-11 22:52:15
551,Bereda,43.2686,-7.5406,48.15,92,18,4.88,ES,2022-04-11 22:50:01
552,Montemorelos,25.2,-99.8167,98.85,13,69,18.01,MX,2022-04-11 22:52:15
553,Tomatlan,19.9333,-105.25,91.06,33,21,12.55,MX,2022-04-11 22:52:16
554,Dali,25.7,100.1833,52.12,89,80,4.03,CN,2022-04-11 22:52:16
555,Soe,-9.8607,124.284,67.64,68,62,2.21,ID,2022-04-11 22:52:16
556,Petapa,14.5028,-90.5517,78.15,65,40,13.8,GT,2022-04-11 22:52:17
557,Antofagasta,-23.65,-70.4,61.88,85,11,6.55,CL,2022-04-11 22:51:37
558,Tay Ninh,11.3,106.1,77.22,85,59,4.97,VN,2022-04-11 22:52:17
559,Houma,29.5958,-90.7195,73.0,90,40,28.77,US,2022-04-11 22:52:17
560,Tavagnacco,46.1272,13.2132,46.08,80,99,3.87,IT,2022-04-11 22:52:18
561,Nouakchott,18.0858,-15.9785,64.33,79,56,14.25,MR,2022-04-11 22:50:24
562,Gazanjyk,39.2446,55.5154,65.86,52,6,9.4,TM,2022-04-11 22:52:18
563,Puerto Maldonado,-12.6,-69.1833,88.2,66,20,4.61,PE,2022-04-11 22:52:18
564,Srednekolymsk,67.45,153.6833,9.12,78,40,4.79,RU,2022-04-11 22:52:19
565,La Rioja,42.25,-2.5,49.78,82,100,5.19,ES,2022-04-11 22:52:19
566,Rio Branco Do Sul,-25.19,-49.3142,68.02,95,98,2.55,BR,2022-04-11 22:52:19
567,Humaita,-7.5061,-63.0208,76.64,86,97,0.81,BR,2022-04-11 22:51:16
568,San Joaquin,37.9333,-121.3011,63.14,25,0,23.02,US,2022-04-11 22:51:29
569,Kavieng,-2.5744,150.7967,84.29,68,26,8.14,PG,2022-04-11 22:52:20
570,Almaznyy,48.0448,40.045,54.1,62,67,15.01,RU,2022-04-11 22:52:20
571,Sinjai,-5.1241,120.253,74.39,82,67,4.27,ID,2022-04-11 22:52:20
572,Honiara,-9.4333,159.95,84.83,69,81,4.72,SB,2022-04-11 22:49:25
573,Mattru,7.6244,-11.8332,78.71,84,62,2.82,SL,2022-04-11 22:52:21
574,Bonthe,7.5264,-12.505,78.84,87,52,1.61,SL,2022-04-11 22:52:21
575,Cantaura,9.3057,-64.3584,87.13,47,37,12.8,VE,2022-04-11 22:52:21
576,Madang,-5.2246,145.7966,83.46,71,33,1.83,PG,2022-04-11 22:52:22
577,Sorong,-0.8833,131.25,78.8,88,100,8.21,ID,2022-04-11 22:52:22
578,Chuy,-33.6971,-53.4616,68.11,91,48,6.26,UY,2022-04-11 22:47:28
579,Adamas,36.7333,24.4333,55.9,56,0,10.54,GR,2022-04-11 22:52:23
580,Blagoyevo,63.3667,47.9167,33.44,100,100,1.57,RU,2022-04-11 22:52:23
581,Lapua,62.9693,23.0088,34.11,96,60,2.62,FI,2022-04-11 22:52:23
582,Vadakku Valliyur,8.3833,77.65,79.68,78,98,2.3,IN,2022-04-11 22:52:23
583,Bucerias,20.75,-105.3333,83.68,51,2,6.49,MX,2022-04-11 22:52:24
584,Karratha,-20.7377,116.8463,76.91,29,0,8.86,AU,2022-04-11 22:52:24
585,Te Anau,-45.4167,167.7167,50.52,86,93,1.19,NZ,2022-04-11 22:52:24
586,Robinson,31.4677,-97.1147,84.38,61,40,21.85,US,2022-04-11 22:52:25
587,Ajra,16.1167,74.2,75.16,68,97,1.05,IN,2022-04-11 22:52:25
588,Shurugwi,-19.6702,30.0059,56.01,99,100,3.36,ZW,2022-04-11 22:52:25
589,Tricase,39.9304,18.3553,45.75,60,5,10.63,IT,2022-04-11 22:52:26
590,Mason City,43.1536,-93.201,61.09,29,42,9.13,US,2022-04-11 22:51:27
591,Dolores,-36.3132,-57.6792,57.96,91,57,14.9,AR,2022-04-11 22:52:26
592,Rio Brilhante,-21.8019,-54.5464,79.5,65,50,5.91,BR,2022-04-11 22:52:27
593,Jining,35.405,116.5814,59.0,70,100,19.6,CN,2022-04-11 22:52:27
594,Tra Vinh,9.9347,106.3453,76.86,87,80,3.38,VN,2022-04-11 22:52:27
595,Northam,51.0333,-4.2167,51.26,88,80,7.29,GB,2022-04-11 22:52:28
596,Andenes,69.3143,16.1194,34.93,93,75,8.05,NO,2022-04-11 22:52:28
597,Inazawa,35.25,136.7833,63.63,60,4,3.91,JP,2022-04-11 22:52:28
598,Kamyshin,50.0983,45.416,50.23,86,3,7.61,RU,2022-04-11 22:53:29
599,Bar Harbor,44.3876,-68.2039,53.46,57,24,7.34,US,2022-04-11 22:53:29
600,Armidale,-30.5167,151.65,62.56,72,0,5.75,AU,2022-04-11 22:53:29
601,Vardo,70.3705,31.1107,32.83,99,100,2.8,NO,2022-04-11 22:51:17
602,Karwar,14.8,74.1333,79.02,84,91,4.09,IN,2022-04-11 22:53:30
603,Husavik,66.0449,-17.3389,29.59,94,100,8.7,IS,2022-04-11 22:53:30
604,Arawa,-6.2132,155.5367,85.57,67,85,3.09,PG,2022-04-11 22:53:30
605,Sarh,9.1429,18.3923,75.11,78,20,9.22,TD,2022-04-11 22:53:31
606,Teguise,29.0605,-13.564,62.82,68,20,4.61,ES,2022-04-11 22:53:31
607,Coahuayana,18.7333,-103.6833,85.68,51,100,6.69,MX,2022-04-11 22:53:31
608,Oakdale,44.963,-92.9649,59.16,33,100,18.41,US,2022-04-11 22:53:32
609,Langsa,4.4683,97.9683,73.51,96,56,2.44,ID,2022-04-11 22:53:32
610,Opoczno,51.3757,20.2783,37.9,84,52,5.97,PL,2022-04-11 22:53:32
611,San Quintin,30.4833,-115.95,64.02,62,1,16.8,MX,2022-04-11 22:53:33
612,Nuuk,64.1835,-51.7216,23.77,77,100,7.29,GL,2022-04-11 22:53:33
613,Qaqortoq,60.7167,-46.0333,33.96,59,100,11.12,GL,2022-04-11 22:53:33
614,Peterhead,57.5058,-1.7981,43.2,86,100,24.18,GB,2022-04-11 22:53:34
615,Marsa Matruh,31.3525,27.2453,61.0,55,40,10.36,EG,2022-04-11 22:53:34
616,Maniitsoq,65.4167,-52.9,27.57,71,100,4.61,GL,2022-04-11 22:53:34
617,Nurota,40.5614,65.6886,58.69,78,0,6.93,UZ,2022-04-11 22:53:34
618,Tereze,43.9361,42.4434,50.59,55,13,3.6,RU,2022-04-11 22:53:35
619,Chekhov,55.1431,37.4711,37.35,98,100,9.66,RU,2022-04-11 22:53:35
620,Xuddur,4.1213,43.8894,75.36,81,41,10.96,SO,2022-04-11 22:53:35
621,Rehoboth,-23.3167,17.0833,64.56,30,0,1.99,NA,2022-04-11 22:53:36
622,Paithan,19.4833,75.3833,84.4,26,85,10.04,IN,2022-04-11 22:53:36
623,Sungaipenuh,-2.0833,101.3833,63.18,95,96,1.05,ID,2022-04-11 22:53:36
624,Maragogi,-9.0122,-35.2225,77.76,74,19,5.84,BR,2022-04-11 22:53:37
625,Mahajanga,-15.7167,46.3167,75.22,83,20,3.44,MG,2022-04-11 22:53:37
626,Port Pirie,-33.1833,138.0167,64.49,43,50,6.46,AU,2022-04-11 22:53:37
627,Edd,13.9297,41.6925,89.06,31,0,18.45,ER,2022-04-11 22:53:38
628,Portree,57.4129,-6.1942,44.53,82,100,6.85,GB,2022-04-11 22:53:38
629,Orapa,-21.2833,25.3667,68.74,71,12,11.59,BW,2022-04-11 22:53:38
630,Kidal,18.4411,1.4078,87.73,6,3,13.62,ML,2022-04-11 22:53:39
631,Hamilton,39.1834,-84.5333,60.01,90,100,3.0,US,2022-04-11 22:53:02
632,Kerman,30.2832,57.0788,49.86,27,0,4.61,IR,2022-04-11 22:53:39
633,Grand Gaube,-20.0064,57.6608,75.6,86,21,1.01,MU,2022-04-11 22:53:39
634,Bria,6.5423,21.9863,75.83,69,91,2.66,CF,2022-04-11 22:53:40
635,Bubaque,11.2833,-15.8333,74.82,76,27,17.69,GW,2022-04-11 22:53:40
636,Fort Wellington,6.4,-57.6,77.52,84,18,10.0,GY,2022-04-11 22:53:40
637,Billings,45.7833,-108.5007,42.3,47,100,16.11,US,2022-04-11 22:48:42
638,Sedalia,38.7045,-93.2283,64.11,56,92,7.45,US,2022-04-11 22:53:41
639,Los Llanos De Aridane,28.6585,-17.9182,62.35,81,100,5.01,ES,2022-04-11 22:53:41
640,Dakar,14.6937,-17.4441,67.08,94,75,16.11,SN,2022-04-11 22:49:17
641,Itacare,-14.2775,-38.9967,77.14,77,6,6.71,BR,2022-04-11 22:52:19
642,Amahai,-3.3333,128.9167,79.61,83,96,2.35,ID,2022-04-11 22:53:42
643,Port-Gentil,-0.7193,8.7815,80.55,84,35,12.95,GA,2022-04-11 22:53:42
644,Lodja,-3.4833,23.4333,73.38,86,90,0.49,CD,2022-04-11 22:53:42
645,Deputatskiy,69.3,139.9,7.39,75,100,2.21,RU,2022-04-11 22:51:07
646,Port Augusta,-32.5,137.7667,72.5,43,7,9.84,AU,2022-04-11 22:54:43
647,Kashi,39.4547,75.9797,65.41,25,40,0.0,CN,2022-04-11 22:54:43
648,Ahipara,-35.1667,173.1667,66.61,74,100,10.83,NZ,2022-04-11 22:54:43
649,Punta Alta,-38.8759,-62.0736,54.73,70,60,3.56,AR,2022-04-11 22:54:44
650,Rongcheng,30.634,117.8517,72.61,65,3,2.46,CN,2022-04-11 22:54:44
651,Kuytun,54.3419,101.5036,25.88,72,100,9.24,RU,2022-04-11 22:54:44
652,Murray Bridge,-35.1167,139.2667,56.12,51,63,5.28,AU,2022-04-11 22:54:45
653,Westport,41.1415,-73.3579,57.27,56,99,13.0,US,2022-04-11 22:52:39
654,Lubango,-14.9172,13.4925,58.05,92,100,4.61,AO,2022-04-11 22:52:09
655,Galle,6.0367,80.217,80.74,78,97,5.84,LK,2022-04-11 22:54:45
656,Tabuk,17.4189,121.4443,75.11,87,65,2.17,PH,2022-04-11 22:54:46
657,Luan,46.3592,6.9759,43.65,74,86,1.01,CH,2022-04-11 22:54:46
658,Jinhua,29.1078,119.6547,70.57,72,0,1.81,CN,2022-04-11 22:54:46
659,Kautokeino,69.0125,23.0412,28.72,80,100,14.74,NO,2022-04-11 22:54:47
660,Nehe,48.4833,124.8333,37.63,44,15,9.44,CN,2022-04-11 22:54:47
661,Korhogo,9.45,-5.6333,75.67,80,92,8.08,CI,2022-04-11 22:54:47
662,La Union,-5.4,-80.75,80.76,55,43,19.89,PE,2022-04-11 22:54:48
663,Maun,-19.9833,23.4167,71.56,78,40,3.44,BW,2022-04-11 22:54:48
664,Salalah,17.0151,54.0924,78.53,74,0,1.79,OM,2022-04-11 22:54:48
665,Cabedelo,-6.9811,-34.8339,79.47,74,97,8.14,BR,2022-04-11 22:54:49
666,Mecca,21.4267,39.8261,81.36,32,0,1.74,SA,2022-04-11 22:54:49
667,Okhotsk,59.3833,143.3,17.22,86,86,8.93,RU,2022-04-11 22:54:49
668,Gold Coast,-28.0,153.4333,80.04,71,0,4.61,AU,2022-04-11 22:54:50
669,Bahia Blanca,-38.7196,-62.2724,54.37,70,40,2.48,AR,2022-04-11 22:54:00
670,Greymouth,-42.4667,171.2,61.66,88,95,19.77,NZ,2022-04-11 22:54:50
671,Stara Vyzhivka,51.4376,24.44,33.94,80,40,7.14,UA,2022-04-11 22:54:50
672,Clyde River,70.4692,-68.5914,-3.77,84,20,3.44,CA,2022-04-11 22:54:51
673,Kudahuvadhoo,2.6708,72.8944,83.57,74,40,12.3,MV,2022-04-11 22:54:51
674,Kenai,60.5544,-151.2583,47.03,49,0,9.22,US,2022-04-11 22:51:57
675,Novyy Urengoy,66.0833,76.6333,33.82,99,100,8.9,RU,2022-04-11 22:50:13
676,Baruun-Urt,46.6806,113.2792,29.86,39,70,5.64,MN,2022-04-11 22:53:47
677,Virginia Beach,36.8529,-75.978,63.0,68,75,9.22,US,2022-04-11 22:51:51
678,Colares,38.7992,-9.4469,59.29,84,99,15.01,PT,2022-04-11 22:54:52
679,Kishtwar,33.3167,75.7667,59.27,41,100,5.12,IN,2022-04-11 22:54:52
680,Cessnock,-32.8333,151.35,71.13,84,79,5.75,AU,2022-04-11 22:54:52
681,Zubtsov,56.1753,34.5894,33.51,96,100,5.03,RU,2022-04-11 22:54:53
682,Buraydah,26.326,43.975,84.65,13,80,2.73,SA,2022-04-11 22:54:53
683,Muroto,33.2833,134.15,64.63,83,69,3.06,JP,2022-04-11 22:54:54
684,Hecun,36.5333,114.1111,58.14,81,100,4.47,CN,2022-04-11 22:54:54
685,Luang Prabang,19.8856,102.1347,70.16,82,52,1.66,LA,2022-04-11 22:54:54
686,Humberto De Campos,-2.5983,-43.4611,76.15,94,100,4.68,BR,2022-04-11 22:55:54
687,Longyearbyen,78.2186,15.6401,4.84,72,0,8.05,SJ,2022-04-11 22:55:55
688,San Fernando,15.0286,120.6898,79.88,72,100,1.21,PH,2022-04-11 22:55:55
689,Benito Juarez,19.385,-99.165,78.84,28,100,11.5,MX,2022-04-11 22:55:55
690,Fairbanks,64.8378,-147.7164,39.24,53,0,6.91,US,2022-04-11 22:51:52
691,La Libertad,-2.2333,-80.9,76.66,83,0,11.5,EC,2022-04-11 22:55:56
692,Babushkin,51.7122,105.8647,27.03,92,100,8.7,RU,2022-04-11 22:55:56
693,Sao Filipe,14.8961,-24.4956,71.56,74,70,11.54,CV,2022-04-11 22:55:56
694,Nambucca Heads,-30.65,153.0,70.16,76,16,12.66,AU,2022-04-11 22:55:57
695,Mount Hagen,-5.8581,144.2274,57.96,88,20,3.44,PG,2022-04-11 22:55:57
696,Wahiawa,21.5028,-158.0236,80.76,59,20,10.36,US,2022-04-11 22:55:57
697,Hay River,60.8156,-115.7999,13.98,73,75,16.11,CA,2022-04-11 22:55:58
698,Tura,25.5198,90.2201,70.02,89,24,4.03,IN,2022-04-11 22:55:58
699,Henties Bay,-22.116,14.2845,64.15,78,0,1.12,NA,2022-04-11 22:55:58
700,Sao Gabriel Da Cachoeira,-0.1303,-67.0892,74.89,98,100,0.2,BR,2022-04-11 22:53:16
